Species,NCBI Taxon ID,Order,Family,Genus
Khurdivirus volgaense,2956058,Bunyavirales,Peribunyaviridae,Khurdivirus
Belem virus,2748241,Bunyavirales,Peribunyaviridae,
Parvoviridae sp.,1940570,Piccovirales,Parvoviridae,
Picornaviridae sp.,1530251,Picornavirales,Picornaviridae,
Grusopivirus A,2734536,Picornavirales,Picornaviridae,Grusopivirus
Grusopivirus B,2734537,Picornavirales,Picornaviridae,Grusopivirus
Chicken associated smacovirus,1932006,Cremevirales,Smacoviridae,Huchismacovirus
Calicivirus chicken/V0021/Bayern/2004,889389,Picornavirales,Caliciviridae,
Grusopivirus C,2844787,Picornavirales,Picornaviridae,Grusopivirus
Chaphamaparvovirus galliform1,3052106,Piccovirales,Parvoviridae,Chaphamaparvovirus
Gruhelivirus A,2734535,Picornavirales,Picornaviridae,Gruhelivirus
Chaphamaparvovirus galliform3,3052108,Piccovirales,Parvoviridae,Chaphamaparvovirus
Anativirus biphaco,2734519,Picornavirales,Picornaviridae,Anativirus
Avian paramyxovirus 17,2094282,Mononegavirales,Paramyxoviridae,
Chaphamaparvovirus galliform2,3052107,Piccovirales,Parvoviridae,Chaphamaparvovirus
Pigeon parvovirus A,1399967,Piccovirales,Parvoviridae,
Pingu picornavirus,2575832,Picornavirales,,
Chaphamaparvovirus galliform4,3052109,Piccovirales,Parvoviridae,Chaphamaparvovirus
Chaphamaparvovirus galliform5,3052110,Piccovirales,Parvoviridae,Chaphamaparvovirus
Chaphamaparvovirus psittacine1,3052112,Piccovirales,Parvoviridae,Chaphamaparvovirus
Porprismacovirus avias1,2845875,Cremevirales,Smacoviridae,Porprismacovirus
Porprismacovirus chicas2,2845885,Cremevirales,Smacoviridae,Porprismacovirus
Porprismacovirus chicas4,2845887,Cremevirales,Smacoviridae,Porprismacovirus
Porprismacovirus chicas6,2845889,Cremevirales,Smacoviridae,Porprismacovirus
Porprismacovirus chicas7,2845890,Cremevirales,Smacoviridae,Porprismacovirus
Porprismacovirus chicas3,2845886,Cremevirales,Smacoviridae,Porprismacovirus
Porprismacovirus chicas5,2845888,Cremevirales,Smacoviridae,Porprismacovirus
Genomoviridae sp.,2202565,Geplafuvirales,Genomoviridae,
Smacoviridae sp.,2715094,Cremevirales,Smacoviridae,
Aviadenovirus leucophthalmi,2955388,,,
Nauglamirvirus anduin,2956213,Rivendellvirales,Naryaviridae,Nauglamirvirus
Cacatuid alphaherpesvirus 2,2604840,Herpesvirales,Orthoherpesviridae,
Avian chapparvovirus,2604334,Piccovirales,Parvoviridae,Chapparvovirus
Chaphamaparvovirus anseriform4,3059860,Piccovirales,Parvoviridae,Chaphamaparvovirus
Chaphamaparvovirus anseriform1,3059857,Piccovirales,Parvoviridae,Chaphamaparvovirus
Chaphamaparvovirus anseriform2,3059858,Piccovirales,Parvoviridae,Chaphamaparvovirus
Chaphamaparvovirus anseriform3,3059859,Piccovirales,Parvoviridae,Chaphamaparvovirus
Chaphamaparvovirus strigiform1,3059872,Piccovirales,Parvoviridae,Chaphamaparvovirus
Chaphamaparvovirus anseriform5,3059861,Piccovirales,Parvoviridae,Chaphamaparvovirus
Chaphamaparvovirus anseriform6,3059862,Piccovirales,Parvoviridae,Chaphamaparvovirus
Rhabdoviridae sp.,1955137,Mononegavirales,Rhabdoviridae,
WigFec circovirus 1,2873951,Cirlivirales,Circoviridae,
WigFec circovirus 2,2873952,Cirlivirales,Circoviridae,
Phapecoctavirus TSP7,2956303,,,Phapecoctavirus
Poecivirus A,2560644,Picornavirales,Picornaviridae,Poecivirus
Nacovirus A,2560612,Picornavirales,Caliciviridae,Nacovirus
Chicken stool associated circular virus 2,2109374,,,
Chicken stool associated circular virus 1,2109373,,,
Apteryx rowi circovirus-like virus,1634476,Cirlivirales,Circoviridae,
Ludopivirus A,2734539,Picornavirales,Picornaviridae,Ludopivirus
Blackbird arilivirus,2099352,Picornavirales,,
Huchismacovirus chicas1,2844965,Cremevirales,Smacoviridae,Huchismacovirus
Huchismacovirus chicas2,2844966,Cremevirales,Smacoviridae,Huchismacovirus
Falcon picornavirus,1964370,Picornavirales,Picornaviridae,
Garrulus glandarius associated circular virus 1,2006642,Cirlivirales,Circoviridae,
Jingmen tombus-like virus 1,1923351,,,
Jingmen tombus-like virus 2,1938656,,,
Jingmen picorna-like virus,1923350,,,
Bavaria virus,2560343,Picornavirales,Caliciviridae,Bavovirus
Chicken stool-associated circular virus,1930302,,,
Duck faeces associated circular DNA virus 1,1843768,,,
Duck faeces associated circular DNA virus 2,1843769,,,
Duck faeces associated circular DNA virus 3,1843770,,,
Astrovirus Er/SZAL6/HUN/2011,1671382,Stellavirales,Astroviridae,
Orivirus A,2170052,Picornavirales,Picornaviridae,Orivirus
Farmington virus,1027468,Mononegavirales,Rhabdoviridae,
Chicken picornavirus 1,1534544,Picornavirales,Picornaviridae,
Chicken picornavirus 4,1534547,Picornavirales,Picornaviridae,
Treiszetapapillomavirus 1,1922208,Zurhausenvirales,Papillomaviridae,Treiszetapapillomavirus
Goose calicivirus,1493858,Picornavirales,Caliciviridae,
Aalivirus apekidu,2169685,Picornavirales,Picornaviridae,Aalivirus
Treisepsilonpapillomavirus 1,1921778,Zurhausenvirales,Papillomaviridae,Treisepsilonpapillomavirus
Cyanoramphus nest associated circular X DNA virus,1282443,,,
Cyanoramphus nest associated circular K DNA virus,1282444,,,
Porprismacovirus turas1,2845936,Cremevirales,Smacoviridae,Porprismacovirus
Quail picornavirus QPV1/HUN/2010,1089138,Picornavirales,Picornaviridae,
Pigeon picornavirus B,928289,Picornavirales,Picornaviridae,
Avian endogenous retrovirus EAV-HP,93465,Ortervirales,Retroviridae,
Chicken genomovirus,1985367 ,Geplafuvirales,Genomoviridae,
Microbacterium phage P8_2022_SA,Not found,,,
Burhinus oedicnemus herpesvirus,548681,,,
Java sparrow circovirus,39725,Cirlivirales,Circoviridae,
Red-fronted serin circovirus,39725,Cirlivirales,Circoviridae,
Hawfinch circovirus,39725,Cirlivirales,Circoviridae,
Crow circovirus,39725,Cirlivirales,Circoviridae,
Magpie circovirus,39725,Cirlivirales,Circoviridae,
European goldfinch circovirus,39725,Cirlivirales,Circoviridae,
Purple grenadier circovirus,39725,Cirlivirales,Circoviridae,
Bengalese munia circovirus,39725,Cirlivirales,Circoviridae,
White-rumped seedeater circovirus,39725,Cirlivirales,Circoviridae,
Common grenadier circovirus,39725,Cirlivirales,Circoviridae,
Common bullfinch circovirus,39725,Cirlivirales,Circoviridae,
Eurasian blackcap circovirus,39725,Cirlivirales,Circoviridae,
Common crossbill circovirus,39725,Cirlivirales,Circoviridae,
Common blackbird circovirus,39725,Cirlivirales,Circoviridae,
Eurasian jay circovirus,39725,Cirlivirales,Circoviridae,
Western jackdaw circovirus,39725,Cirlivirales,Circoviridae,
Mynah circovirus,39725,Cirlivirales,Circoviridae,
Lavender waxbill polyomavirus,36362,Sepolyvirales,Polyomaviridae,
Psittacine adenovirus 2,1301246,Rowavirales,Adenoviridae,
Anatid alphaherpesvirus 2,3080522,Herpesvirales,Orthoherpesviridae,
Anatid alphaherpesvirus 3,3233541,Herpesvirales,Orthoherpesviridae,
Chicken proventricular necrosis virus,908207,,Birnaviridae,
Avihepevirus magniiecur,1678144,Hepelivirales,Hepeviridae,Avihepevirus
Ostrich parvovirus,2699166,Piccovirales,Parvoviridae,
Crucivirus sp.,2569971,,,
Tick-associated DNA virus,3138950,,,
CRESS DNA virus,3138951,,,
Tick-associated circular DNA virus,2963861,,,
Sewage-associated circular DNA virus,3138952,,,
Cressdnaviricota sp.,2748378,,,
Chimeric virus 14,1608440,,,
Paramecium bursaria Chlorella virus,3138953,,,
bar-headed goose anativirus,3155980,Picornavirales,Picornaviridae,Anativirus
Larus ridibundus coronavirus,3153733,Nidovirales,Coronaviridae,
Anser fabalis coronavirus,3153734,Nidovirales,Coronaviridae,
Duck-dominant coronavirus,1649337,Nidovirales,Coronaviridae,
Torque teno virus,68887,,Anelloviridae,
Parvovirus phylloscopus5247,3117183,Piccovirales,Parvoviridae,
Parvovirus luscinia6815,3117122,Piccovirales,Parvoviridae,
Parvovirus phoenicurus4436,3117181,Piccovirales,Parvoviridae,
Parvovirus phoenicurus12233s2,3117180,Piccovirales,Parvoviridae,
Parvovirus zapornia4554,3117225,Piccovirales,Parvoviridae,
Parvovirus laniidae3881,3117115,Piccovirales,Parvoviridae,
Parvovirus lanius6615,3117116,Piccovirales,Parvoviridae,
Herpesvirus eupittula14478,3116695,Herpesvirales,,
Parvovirus chrysococcyx3867a,3117070,Piccovirales,Parvoviridae,
Parvovirus turdus6774,3117217,Piccovirales,Parvoviridae,
Adenovirus acanthiza15342,3115873,Rowavirales,Adenoviridae,
Parvovirus turdus4154,3117216,Piccovirales,Parvoviridae,
Parvovirus phylloscopus5401s2,3117185,Piccovirales,Parvoviridae,
Polyomavirus odontophorus5057,3117261,Sepolyvirales,Polyomaviridae,
Parvovirus grus5099,3117098,Piccovirales,Parvoviridae,
Polyomavirus phylloscopus4853,3117270,Sepolyvirales,Polyomaviridae,
Parvovirus anas3568,3117034,Piccovirales,Parvoviridae,
Parvovirus sylvia4828,3117208,Piccovirales,Parvoviridae,
Parvovirus leiothrix4587,3117119,Piccovirales,Parvoviridae,
Parvovirus numida6704,3117160,Piccovirales,Parvoviridae,
Parvovirus emberiza5140,3117078,Piccovirales,Parvoviridae,
Polyomavirus erythrura5304,3117230,Sepolyvirales,Polyomaviridae,
Parvovirus luscinia5410,3117121,Piccovirales,Parvoviridae,
Papillomavirus numida8051,3116987,Zurhausenvirales,Papillomaviridae,
Polyomavirus taeniopygia5555,3117282,Sepolyvirales,Polyomaviridae,
Parvovirus zonotrichia4755,3117226,Piccovirales,Parvoviridae,
Parvovirus anser6262,3117037,Piccovirales,Parvoviridae,
Parvovirus larvivora5808,3117117,Piccovirales,Parvoviridae,
Parvovirus grus5877,3117099,Piccovirales,Parvoviridae,
Parvovirus chalcites3867,3117064,Piccovirales,Parvoviridae,
Parvovirus phoenicopterus3947,3117178,Piccovirales,Parvoviridae,
Parvovirus grus5942,3117100,Piccovirales,Parvoviridae,
Anellovirus meleagris2358,3115994,,Anelloviridae,
Parvovirus phoenicurus12233s1,3117179,Piccovirales,Parvoviridae,
Parvovirus emberiza6660,3117080,Piccovirales,Parvoviridae,
Parvovirus anser6071,3117036,Piccovirales,Parvoviridae,
Parvovirus anser7825,3117039,Piccovirales,Parvoviridae,
Polyomavirus prunella5215,3117274,Sepolyvirales,Polyomaviridae,
Parvovirus phylloscopus4927,3117182,Piccovirales,Parvoviridae,
Anellovirus gallus2670,3115989,,Anelloviridae,
Meldvirus gallus11737,3116726,,,
Papillomavirus luscinia7441,3116978,Zurhausenvirales,Papillomaviridae,
Parvovirus anser7324,3117038,Piccovirales,Parvoviridae,
Polyomavirus saxicola5252a,3117279,Sepolyvirales,Polyomaviridae,
Polyomavirus sericulus5319,3117280,Sepolyvirales,Polyomaviridae,
Cressvirus meleagris1922,3116679,,,
Parvovirus emberiza7086,3117081,Piccovirales,Parvoviridae,
Cressvirus meleagris952,3116680,,,
Adintovirus pavo15764,3115938,Orthopolintovirales,Adintoviridae,
Parvovirus phylloscopus5401s1,3117184,Piccovirales,Parvoviridae,
Parvovirus leiothrix3317,3117118,Piccovirales,Parvoviridae,
Parvovirus streptopelia4404,3117207,Piccovirales,Parvoviridae,
Polyomavirus erythrura5362,3117231,Sepolyvirales,Polyomaviridae,
Parvovirus emberiza5276,3117079,Piccovirales,Parvoviridae,
Parvovirus steptopelia5095,3117206,Piccovirales,Parvoviridae,
Polyomavirus pteridophora5384,3117276,Sepolyvirales,Polyomaviridae,
Polyomavirus zonotrichia5422,3117287,Sepolyvirales,Polyomaviridae,
Polyomavirus phylloscopus4708,3117269,Sepolyvirales,Polyomaviridae,
Parvovirus steptopelia4906,3117205,Piccovirales,Parvoviridae,
Anellovirus meleagris2399,3115995,,Anelloviridae,
Parvovirus phasianus6595,3117175,Piccovirales,Parvoviridae,
Avian polyomavirus,1702318,Sepolyvirales,Polyomaviridae,
Spheniscid alphaherpesvirus 2,3134033,Herpesvirales,Orthoherpesviridae,
Calonectris borealis alphaherpesvirus,3129245,Herpesvirales,Orthoherpesviridae,
Ardenna gravis alphaherpesvirus,3129244,Herpesvirales,Orthoherpesviridae,
Feral pigeon astrovirus,928291,Stellavirales,Astroviridae,
Pigeon astrovirus,3079711,Stellavirales,Astroviridae,
Comazfec virus 1,3112648,,,
Comazfec virus 2,3112649,,,
Comazfec virus 3,3112650,,,
Comazfec virus 4,3112651,,,
Comazfec virus 5,3112652,,,
Comazfec virus 6,3112653,,,
Comazfec virus 7,3112654,,,
Comazfec virus 8,3112655,,,
Comazfec virus 9,3112656,,,
Comazfec virus 10,3112657,,,
Comazfec virus 11,3112658,,,
Comazfec virus 12,3112659,,,
Comazfec virus 13,3112660,,,
Comazfec virus 14,3112661,,,
Comazfec virus 15,3112662,,,
Comazfec virus 16,3112663,,,
Comazfec virus 17,3112664,,,
Malazfec virus 1,3112667,,,
Malazfec virus 9,3112675,,,
Malazfec virus 10,3112676,,,
Malazfec virus 11,3112677,,,
Malazfec virus 12,3112678,,,
Malazfec virus 13,3112679,,,
Malazfec virus 14,3112680,,,
Malazfec virus 15,3112681,,,
Malazfec virus 16,3112682,,,
Malazfec virus 17,3112683,,,
Malazfec virus 18,3112684,,,
Malazfec virus 19,3112685,Geplafuvirales,Genomoviridae,
Malazfec virus 20,3112686,Geplafuvirales,Genomoviridae,
Malazfec virus 21,3112687,Geplafuvirales,Genomoviridae,
Malazfec virus 22,3112688,,,
Malazfec virus 23,3112689,,,
Malazfec virus 24,3112690,,,
Malazfec virus 25,3112691,,,
Short beak and dwarfism syndrome virus,3118410,Piccovirales,Parvoviridae,
,Not found,,,
Anser circovirus,3113012,Cirlivirales,Circoviridae,
Anas platyrhynchos papillomavirus 3,3112618,Zurhausenvirales,Papillomaviridae,
unidentified influenza virus,11309,Articulavirales,Orthomyxoviridae,
Mute swan associated circo-like virus,3104762,Cirlivirales,Circoviridae,
Chaphamaparvovirus anseriform 7,3104763,Piccovirales,Parvoviridae,Chaphamaparvovirus
Chaphamaparvovirus anseriform 8,3104764,Piccovirales,Parvoviridae,Chaphamaparvovirus
Chaphamaparvovirus anseriform 9,3104765,Piccovirales,Parvoviridae,Chaphamaparvovirus
Sturnus papillomavirus,3106067,Zurhausenvirales,Papillomaviridae,
Thinornis picornavirus,3106068,Picornavirales,Picornaviridae,
Grus nigricollis-associatied genomovirus,3077354,Geplafuvirales,Genomoviridae,
Grusopivirus sp.,2809444,Picornavirales,Picornaviridae,Grusopivirus
Yellow-eyed penguin picornavirus,3085108,Picornavirales,Picornaviridae,
Psittaciform chaphamaparvovirus 4,3090915,Piccovirales,Parvoviridae,Chaphamaparvovirus
Psittaciform chaphamaparvovirus 5,3090916,Piccovirales,Parvoviridae,Chaphamaparvovirus
Psittaciform chaphamaparvovirus 6,3090917,Piccovirales,Parvoviridae,Chaphamaparvovirus
Canary chaphamaparvovirus 1,3085220,Piccovirales,Parvoviridae,Chaphamaparvovirus
Canary chaphamaparvovirus 2,3085221,Piccovirales,Parvoviridae,Chaphamaparvovirus
Columba livia papillomavirus 1,3080879,Zurhausenvirales,Papillomaviridae,
Tetrao urogallus alphaherpesvirus 1,3077833,Herpesvirales,Orthoherpesviridae,
Strix nebulosa herpesvirus,3074439,Herpesvirales,,
Zoothera dauma adenovirus,3073259,Rowavirales,Adenoviridae,
Bird calicivirus,3069714,Picornavirales,Caliciviridae,
Duck picornavirus,2874388,Picornavirales,Picornaviridae,
Goose parvovirus SDDY21,3062345,Piccovirales,Parvoviridae,
Goose parvovirus SDJN21,3062346,Piccovirales,Parvoviridae,
Goose parvovirus SDWF22,3062347,Piccovirales,Parvoviridae,
Rockhopper penguin papillomavirus,2962496,Zurhausenvirales,Papillomaviridae,
Oriental turtle dovepox virus,3051319,Chitovirales,Poxviridae,
Coronavirus PREDICT_CoV-100,2717633,Nidovirales,Coronaviridae,
Buteo buteo herpesvirus,2928393,Herpesvirales,,
Psittacid alphaherpesvirus 6,3042376,Herpesvirales,Orthoherpesviridae,
Psittaciform parvoviridae sp.,3042448,Piccovirales,Parvoviridae,
Psittacine picornavirus,3042449,Picornavirales,Picornaviridae,
Chaphamaparvovirus sp.,2809295,Piccovirales,Parvoviridae,Chaphamaparvovirus
Fregata magnificens alphaherpesvirus 1,3040023,Herpesvirales,,
Riboviria sp.,2585031,,,
Bird parvovirus,3029445,Piccovirales,Parvoviridae,
ssDNA virus sp.,2593122,,,
Cooks petrelpox virus,3019552,Chitovirales,Poxviridae,
Avian associated calicivirus 5,2996223,Picornavirales,Caliciviridae,
Avian associated hepe-like virus 10,2996224,Hepelivirales,Hepeviridae,
Avian associated picorna-like virus 15,2996209,Picornavirales,Picornaviridae,
Avian associated picorna-like virus 14,2996208,Picornavirales,Picornaviridae,
Avian associated picorna-like virus 20,2996214,Picornavirales,Picornaviridae,
Avian associated picorna-like virus 21,2996215,Picornavirales,Picornaviridae,
Avian associated picorna-like virus 19,2996213,Picornavirales,Picornaviridae,
Avian associated hepe-like virus 8,2996226,Hepelivirales,Hepeviridae,
Avian associated picorna-like virus 25,2996219,Picornavirales,Picornaviridae,
Avian associated picorna-like virus 22,2996216,Picornavirales,Picornaviridae,
Avian associated picorna-like virus 17,2996211,Picornavirales,Picornaviridae,
Avian associated picorna-like virus 16,2996210,Picornavirales,Picornaviridae,
Avian associated picorna-like virus 13,2996207,Picornavirales,Picornaviridae,
Avian associated picorna-like virus 24,2996218,Picornavirales,Picornaviridae,
Avian associated picorna-like virus 18,2996212,Picornavirales,Picornaviridae,
Avian associated hepe-like virus 9,2996227,Hepelivirales,Hepeviridae,
Avian associated picorna-like virus 23,2996217,Picornavirales,Picornaviridae,
Avian associated hepe-like virus 7,2996225,Hepelivirales,Hepeviridae,
Avian associated picorna-like virus 27,2996221,Picornavirales,Picornaviridae,
Avian associated picorna-like virus 26,2996220,Picornavirales,Picornaviridae,
Psittaciform chaphamaparvovirus 3,2928890,Piccovirales,Parvoviridae,Chaphamaparvovirus
trumpeter swan calicivirus,2992313,Picornavirales,Caliciviridae,
Crowpox virus,2942216,Chitovirales,Poxviridae,
Wigfec virus K19_227,2985990,,,
Wigfec virus K19_426,2985991,,,
Wigfec virus K19_432,2985992,,,
Wigfec virus K19_450,2985993,,,
Wigfec virus K19_484,2985994,,,
Wigfec virus K19_486,2985995,,,
Wigfec virus K19_494,2985996,,,
Wigfec virus K19_511,2985997,,,
Wigfec virus K19_521,2985998,,,
Wigfec virus K19_545,2985999,,,
Wigfec virus K19_562,2986000,,,
Wigfec virus K19_588,2986001,,,
Wigfec virus K19_598,2986002,,,
Wigfec virus K19_605,2986003,,,
Wigfec virus K19_623,2986004,,,
Wigfec virus K19_658,2986005,,,
Wigfec virus K19_292,2986006,,,
Wigfec virus K19_346,2986007,,,
Wigfec virus K19_385,2986008,,,
Wigfec virus K19_525,2986009,,,
Wigfec virus K19_555,2986010,,,
Wigfec virus K19_558,2986011,,,
Wigfec virus K19_561,2986012,,,
Wigfec virus K19_571,2986013,,,
Wigfec virus K19_593,2986014,,,
Wigfec virus K19_600,2986015,,,
Wigfec virus K19_645,2986016,,,
Wigfec virus K19_654,2986017,,,
Wigfec virus K19_668,2986018,,,
Wigfec virus K19_691,2986019,,,
Wigfec virus K19_221,2986020,,,
Wigfec virus K19_259,2986021,,,
Wigfec virus K19_327,2986022,,,
Wigfec virus K19_443,2986023,,,
Wigfec virus K19_493,2986024,,,
Wigfec virus K19_526,2986025,,,
Wigfec virus K19_576,2986026,,,
Wigfec virus K19_615,2986027,,,
Wigfec virus K19_448,2986028,,,
Wigfec virus K19_454,2986029,,,
Wigfec virus K19_513,2986030,,,
Zingilamo virus,2983543,Martellivirales,Togaviridae,
Meleagrid alphaherpesvirus 2,2982300,Herpesvirales,Orthoherpesviridae,
Temminck's stint calicivirus,2976936,Picornavirales,Caliciviridae,
Crow astrovirus,2976362,Stellavirales,Astroviridae,
Wood pigeon astrovirus,928292,Stellavirales,Astroviridae,
Astroviridae sp.,2585114,Stellavirales,Astroviridae,
Raptor adenovirus,2963835,Rowavirales,Adenoviridae,
Anas platyrhynchos papillomavirus 2,2855326,Zurhausenvirales,Papillomaviridae,
Avian associated bastrovirus 2,2936950,Stellavirales,Astroviridae,
Avian astrovirus 2,2936979,Stellavirales,Astroviridae,
Avian associated bastrovirus 1,2936949,Stellavirales,Astroviridae,
Avian associated hepe-like virus 1,2936955,Hepelivirales,Hepeviridae,
Avian associated hepe-like virus 2,2936956,Hepelivirales,Hepeviridae,
Avian associated hepe-like virus 3,2936957,Hepelivirales,Hepeviridae,
Avian associated hepe-like virus 4,2936958,Hepelivirales,Hepeviridae,
Avian associated hepe-like virus 5,2936959,Hepelivirales,Hepeviridae,
Avian associated hepe-like virus 6,2936960,Hepelivirales,Hepeviridae,
Turdid alphaherpesvirus 1,2936981,Herpesvirales,Orthoherpesviridae,
Avian associated calicivirus 1,2936951,Picornavirales,Caliciviridae,
Avian associated calicivirus 2,2936952,Picornavirales,Caliciviridae,
Avian associated calicivirus 3,2936953,Picornavirales,Caliciviridae,
Avian associated calicivirus 4,2936954,Picornavirales,Caliciviridae,
Avian associated picorna-like virus 1,2936962,Picornavirales,,
Avian associated picorna-like virus 2,2936965,Picornavirales,,
Avian associated picorna-like virus 3,2936966,Picornavirales,,
Avian associated picorna-like virus 4,2936967,Picornavirales,,
Avian associated picorna-like virus 5,2936968,Picornavirales,,
Avian associated picorna-like virus 6,2936969,Picornavirales,,
Avian associated picorna-like virus 7,2936970,Picornavirales,,
Avian associated picorna-like virus 8,2936971,Picornavirales,,
Avian associated picorna-like virus 9,2936972,Picornavirales,,
Avian associated picorna-like virus 10,2936963,Picornavirales,,
Avian associated picorna-like virus 11,2936964,Picornavirales,,
Avian associated reo-like virus 1,2936973,Reovirales,,
Avian associated reo-like virus 2,2936974,Reovirales,,
Avian associated reo-like virus 3,2936975,Reovirales,,
Avian associated reo-like virus 4,2936976,Reovirales,,
Avian associated reo-like virus 5,2936977,Reovirales,,
Avian associated reo-like virus 6,2936978,Reovirales,,
Galliform chaphamaparvovirus 6,2928886,Piccovirales,Parvoviridae,Chaphamaparvovirus
Galliform chaphamaparvovirus 7,2928887,Piccovirales,Parvoviridae,Chaphamaparvovirus
Galliform chaphamaparvovirus 8,2928888,Piccovirales,Parvoviridae,Chaphamaparvovirus
Galliform chaphamaparvovirus 9,2928889,Piccovirales,Parvoviridae,Chaphamaparvovirus
Galliform chaphamaparvovirus 10,2928878,Piccovirales,Parvoviridae,Chaphamaparvovirus
Galliform chaphamaparvovirus 11,2928879,Piccovirales,Parvoviridae,Chaphamaparvovirus
Galliform chaphamaparvovirus 12,2928880,Piccovirales,Parvoviridae,Chaphamaparvovirus
Galliform chaphamaparvovirus 13,2928881,Piccovirales,Parvoviridae,Chaphamaparvovirus
Galliform chaphamaparvovirus 14,2928882,Piccovirales,Parvoviridae,Chaphamaparvovirus
Galliform chaphamaparvovirus 15,2928883,Piccovirales,Parvoviridae,Chaphamaparvovirus
Galliform chaphamaparvovirus 16,2928884,Piccovirales,Parvoviridae,Chaphamaparvovirus
Galliform chaphamaparvovirus 17,2928885,Piccovirales,Parvoviridae,Chaphamaparvovirus
Pigeon-dominant Coronavirus,1649336,Nidovirales,Coronaviridae,
Avon-Heathcote Estuary associated circular virus 25,1618249,Cirlivirales,Circoviridae,
Mute swan feces associated calicivirus,2832256,Picornavirales,Caliciviridae,
Mute swan feces associated chapparvovirus 1,2832239,Piccovirales,Parvoviridae,Chapparvovirus
Mute swan feces associated chapparvovirus 2,2832240,Piccovirales,Parvoviridae,Chapparvovirus
Mute swan feces associated chapparvovirus 3,2832241,Piccovirales,Parvoviridae,Chapparvovirus
Mute swan feces associated chapparvovirus 4,2832242,Piccovirales,Parvoviridae,Chapparvovirus
Mute swan feces associated chapparvovirus 5,2832243,Piccovirales,Parvoviridae,Chapparvovirus
Mute swan feces associated chapparvovirus 6,2832244,Piccovirales,Parvoviridae,Chapparvovirus
Mute swan feces associated circular virus 1,2832259,,,
Mute swan feces associated circular virus 2,2832268,,,
Mute swan feces associated circular virus 3,2832269,,,
Mute swan feces associated circular virus 4,2832270,,,
Mute swan feces associated circular virus 5,2832271,,,
Mute swan feces associated circular virus 6,2832272,,,
Mute swan feces associated circular virus 7,2832273,,,
Mute swan feces associated circular virus 8,2832274,,,
Mute swan feces associated circular virus 9,2832275,,,
Mute swan feces associated circular virus 10,2832260,,,
Mute swan feces associated circular virus 11,2832261,,,
Mute swan feces associated circular virus 12,2832262,,,
Mute swan feces associated circular virus 13,2832263,,,
Mute swan feces associated circular virus 14,2832264,,,
Mute swan feces associated circular virus 15,2832265,,,
Mute swan feces associated circular virus 16,2832266,,,
Mute swan feces associated circular virus 17,2832267,,,
Mute swan feces associated noda-like virus 1,2832173,Nodamuvirales,Nodaviridae,
Mute swan feces associated noda-like virus 2,2832174,Nodamuvirales,Nodaviridae,
Mute swan feces associated noda-like virus 3,2832175,Nodamuvirales,Nodaviridae,
Mute swan feces associated noda-like virus 4,2832176,Nodamuvirales,Nodaviridae,
Mute swan feces associated noda-like virus 5,2832177,Nodamuvirales,Nodaviridae,
Mute swan feces associated noda-like virus 6,2832178,Nodamuvirales,Nodaviridae,
Mute swan feces associated noda-like virus 7,2832179,Nodamuvirales,Nodaviridae,
Mute swan feces associated noda-like virus 8,2832180,Nodamuvirales,Nodaviridae,
Mute swan feces associated noda-like virus 9,2832181,Nodamuvirales,Nodaviridae,
Mute swan feces associated partitiviridae A,2832153,Durnavirales,Partitiviridae,
Mute swan feces associated partitiviridae B,2832154,Durnavirales,Partitiviridae,
Mute swan feces associated partitiviridae C,2832155,Durnavirales,Partitiviridae,
Mute swan feces associated partitiviridae D,2832156,Durnavirales,Partitiviridae,
Mute swan feces associated partitiviridae E,2832157,Durnavirales,Partitiviridae,
Mute swan feces associated partitiviridae F,2832158,Durnavirales,Partitiviridae,
Mute swan feces associated partitiviridae G,2832159,Durnavirales,Partitiviridae,
Mute swan feces associated partitiviridae H,2832160,Durnavirales,Partitiviridae,
Mute swan feces associated partitiviridae I,2832161,Durnavirales,Partitiviridae,
Mute swan feces associated partitiviridae J,2832162,Durnavirales,Partitiviridae,
Mute swan feces associated partitiviridae K,2832163,Durnavirales,Partitiviridae,
Mute swan feces associated partitiviridae L,2832164,Durnavirales,Partitiviridae,
Mute swan feces associated partitiviridae M,2832165,Durnavirales,Partitiviridae,
Mute swan feces associated partitiviridae N,2832166,Durnavirales,Partitiviridae,
Mute swan feces associated partitiviridae O,2832167,Durnavirales,Partitiviridae,
Mute swan feces associated partitiviridae 1,2832152,Durnavirales,Partitiviridae,
Mute swan feces associated picorna-like virus 1,2832182,Picornavirales,,
Mute swan feces associated picorna-like virus 2,2832193,Picornavirales,,
Mute swan feces associated picorna-like virus 3,2832204,Picornavirales,,
Mute swan feces associated picorna-like virus 4,2832205,Picornavirales,,
Mute swan feces associated picorna-like virus 5,2832206,Picornavirales,,
Mute swan feces associated picorna-like virus 6,2832207,Picornavirales,,
Mute swan feces associated picorna-like virus 7,2832208,Picornavirales,,
Mute swan feces associated picorna-like virus 8,2832209,Picornavirales,,
Mute swan feces associated picorna-like virus 9,2832210,Picornavirales,,
Mute swan feces associated picorna-like virus 10,2832183,Picornavirales,,
Mute swan feces associated picorna-like virus 11,2832184,Picornavirales,,
Mute swan feces associated picorna-like virus 12,2832185,Picornavirales,,
Mute swan feces associated picorna-like virus 13,2832186,Picornavirales,,
Mute swan feces associated picorna-like virus 14,2832187,Picornavirales,,
Mute swan feces associated picorna-like virus 15,2832188,Picornavirales,,
Mute swan feces associated picorna-like virus 16,2832189,Picornavirales,,
Mute swan feces associated picorna-like virus 17,2832190,Picornavirales,,
Mute swan feces associated picorna-like virus 18,2832191,Picornavirales,,
Mute swan feces associated picorna-like virus 19,2832192,Picornavirales,,
Mute swan feces associated picorna-like virus 20,2832194,Picornavirales,,
Mute swan feces associated picorna-like virus 21,2832195,Picornavirales,,
Mute swan feces associated picorna-like virus 22,2832196,Picornavirales,,
Mute swan feces associated picorna-like virus 23,2832197,Picornavirales,,
Mute swan feces associated picorna-like virus 24,2832198,Picornavirales,,
Mute swan feces associated picorna-like virus 25,2832199,Picornavirales,,
Mute swan feces associated picorna-like virus 26,2832200,Picornavirales,,
Mute swan feces associated picorna-like virus 27,2832201,Picornavirales,,
Mute swan feces associated picorna-like virus 28,2832202,Picornavirales,,
Mute swan feces associated picorna-like virus 29,2832203,Picornavirales,,
Mute swan feces associated toti-like virus 1,2832222,Ghabrivirales,Totiviridae,
Mute swan feces associated toti-like virus 2,2832223,Ghabrivirales,Totiviridae,
Mute swan feces associated toti-like virus 3,2832224,Ghabrivirales,Totiviridae,
Phasianus chaphamaparvovirus,2944714,Piccovirales,Parvoviridae,Chaphamaparvovirus
Picornavirales sp.,1955153,Picornavirales,,
Finch poxvirus,2928837,Chitovirales,Poxviridae,
Albatrosspox virus,2811222,Chitovirales,Poxviridae,
Anativirus sp.,2809150,Picornavirales,Picornaviridae,Anativirus
Caliciviridae sp.,1916234,Picornavirales,Caliciviridae,
Huchismacovirus sp.,2809473,Cremevirales,Smacoviridae,Huchismacovirus
Strix uralensis herpesvirus,2489503,Herpesvirales,,
Aquila chrysaetos herpesvirus,2928392,Herpesvirales,,
Falco tinnunculus herpesvirus,2928397,Herpesvirales,,
Asio otus herpesvirus,2489501,Herpesvirales,,
Strix aluco herpesvirus,2928400,Herpesvirales,,
Larus argentatus herpesvirus,2928398,Herpesvirales,,
Corvus cornix herpesvirus,2928395,Herpesvirales,,
Corvus monedula herpesvirus,2928396,Herpesvirales,,
Chloris chloris herpesvirus,2928394,Herpesvirales,,
Passer domesticus herpesvirus,2928399,Herpesvirales,,
Turdus merula herpesvirus,2717891,Herpesvirales,,
Columba palumbus herpesvirus,2928402,Herpesvirales,,
Psittacine chaphamaparvovirus 2,2917163,Piccovirales,Parvoviridae,Chaphamaparvovirus
Ciconiid herpesvirus 1,2605648,Herpesvirales,,
Ghabrivirales sp.,2809433,Ghabrivirales,,
Partitiviridae sp.,1955170,Durnavirales,Partitiviridae,
Durnavirales sp.,2809355,Durnavirales,,
Hedwig virus,2884278,Bunyavirales,Peribunyaviridae,
Poicephalus senegalus papillomavirus,2876998,Zurhausenvirales,Papillomaviridae,
robinz virus RP_212,2886418,,,
robinz virus RP_258,2886419,,,
robinz virus RP_382,2886420,,,
robinz virus RP_389,2886421,,,
robinz virus RP_244,2886422,,,
robinz virus RP_327,2886423,,,
robinz virus RP_334,2886424,,,
robinz virus RP_340,2886425,,,
robinz virus RP_404,2886426,,,
robinz virus RP_428,2886427,,,
robinz virus RP_429,2886428,,,
robinz virus RP_513,2886429,,,
Pin virus,2880959,,,
Myna chaphamaparvovirus,2880956,Piccovirales,Parvoviridae,Chaphamaparvovirus
Myna calicivirus,2880955,Picornavirales,Caliciviridae,
Chicken proventriculitis-associated circular virus 7,2875666,,,
Chicken proventriculitis-associated circular virus 8,2875667,,,
Chicken proventriculitis-associated circular virus 9,2875668,,,
Chicken proventriculitis-associated circular virus 10,2875663,,,
Chicken proventriculitis-associated circular virus 11,2875664,,,
Chicken proventriculitis-associated circular virus 12,2875665,,,
egret CRESS-DNA virus,2878719,Geplafuvirales,Genomoviridae,
crane CRESS-DNA virus,2878718,Geplafuvirales,Genomoviridae,
finch CRESS-DNA virus,2878720,Geplafuvirales,Genomoviridae,
Chicken proventriculitis-associated circular virus 1,2875658,,,
Chicken proventriculitis-associated circular virus 2,2875659,,,
Chicken proventriculitis-associated circular virus 3,2875660,,,
Chicken proventriculitis-associated circular virus 4,2875661,,,
Chicken proventriculitis-associated circular virus 5,2875662,,,
Chicken proventriculitis-associated circular virus 14,2875669,,,
Chicken proventriculitis-associated circular virus 15,2875670,,,
Chicken proventriculitis-associated circular virus 16,2875671,,,
Chicken proventriculitis-associated circular virus 18,2875673,,,
Chicken proventriculitis-associated circular virus 20,2875675,,,
Chicken proventriculitis-associated circular virus 22,2875677,,,
Chicken proventriculitis-associated circular virus 23,2875678,,,
Chicken proventriculitis-associated circular virus 24,2875679,,,
Chicken proventriculitis-associated circular virus 27,2875681,,,
Chicken proventriculitis-associated circular virus 17,2875672,,,
Chicken proventriculitis-associated circular virus 19,2875674,,,
Chicken proventriculitis-associated circular virus 21,2875676,,,
Chicken proventriculitis-associated circular virus 26,2875680,,,
Chicken proventriculitis-associated circular virus 28,2875682,,,
Chicken proventriculitis-associated circular virus 29,2875683,,,
Chicken proventriculitis-associated circular virus 30,2875684,,,
Nodaviridae sp.,1955166,Nodamuvirales,Nodaviridae,
Chuviridae sp.,2809007,Jingchuvirales,Chuviridae,
Totiviridae sp.,1955172,Ghabrivirales,Totiviridae,
Reoviridae sp.,2585267,Reovirales,,
Luteoviridae sp.,1955165,Tolivirales,,
Tymoviridae sp. XZN137671,2836004,Tymovirales,Tymoviridae,
Tibet bird virus 2,2836149,,,
Tibet bird virus 1,2836148,,,
Guinea fowl picornavirus,2817032,Picornavirales,Picornaviridae,
Tern adenovirus,2820437,Rowavirales,Adenoviridae,
Red-billed gull papillomavirus,2862952,Zurhausenvirales,Papillomaviridae,
Picobirnaviridae sp. gcode 3,2857096,Durnavirales,Picobirnaviridae,
Bavovirus sp.,2809180,Picornavirales,Caliciviridae,Bavovirus
Waterwitch virus,2776963,Picornavirales,Picornaviridae,
Whistler virus,2776964,Picornavirales,Picornaviridae,
Neva virus,2776960,Stellavirales,Astroviridae,
Netherby virus,2776965,Picornavirales,Picornaviridae,
Blencathra virus,2776961,Stellavirales,Astroviridae,
Carnarvon virus,2776962,Stellavirales,Astroviridae,
British Admiral virus,2776966,Picornavirales,Picornaviridae,
Caudoviricetes sp.,2832643,,,
Avulavirus sp.,2493083,Mononegavirales,Paramyxoviridae,
Avian bornavirus,675389,Mononegavirales,Bornaviridae,
Turdus naumanni parvoviridae sp.,2794525,Piccovirales,Parvoviridae,
Psittacidae parvoviridae sp.,2794536,Piccovirales,Parvoviridae,
Phylloscopus schwarzi parvoviridae sp.,2794533,Piccovirales,Parvoviridae,
Cecropis daurica parvoviridae sp.,2794470,Piccovirales,Parvoviridae,
Emberiza pusilla parvoviridae sp.,2794477,Piccovirales,Parvoviridae,
Ciconia boyciana parvoviridae sp.,2794472,Piccovirales,Parvoviridae,
Cyanopica cyanus parvoviridae sp.,2794473,Piccovirales,Parvoviridae,
Dendrocopos leucotos parvoviridae sp.,2794475,Piccovirales,Parvoviridae,
Emberiza chrysophrys parvoviridae sp.,2794476,Piccovirales,Parvoviridae,
Ficedula mugimaki parvoviridae sp.,2794480,Piccovirales,Parvoviridae,
Lophura nycthemera parvoviridae sp.,2794483,Piccovirales,Parvoviridae,
Luscinia cyane parvoviridae sp.,2794513,Piccovirales,Parvoviridae,
Luscinia sibilans parvoviridae sp.,2794516,Piccovirales,Parvoviridae,
Phoenicurus auroreus parvoviridae sp.,2794531,Piccovirales,Parvoviridae,
Phylloscopus fuscatus parvoviridae sp.,2794534,Piccovirales,Parvoviridae,
Phylloscopus inornatus parvoviridae sp.,2794539,Piccovirales,Parvoviridae,
Tarsiger cyanurus parvoviridae sp.,2794540,Piccovirales,Parvoviridae,
Emberiza spodocephala parvoviridae sp.,2794481,Piccovirales,Parvoviridae,
Lanius cristatus parvoviridae sp.,2794482,Piccovirales,Parvoviridae,
Emberiza tristrami Genomoviridae sp.,2814951,Geplafuvirales,Genomoviridae,
Fringilla montifringilla Genomoviridae sp.,2814960,Geplafuvirales,Genomoviridae,
Phoenicopteridae parvo-like hybrid virus,2794528,Piccovirales,Parvoviridae,
Pavo cristatus parvo-like hybrid virus,2794523,Piccovirales,Parvoviridae,
Grus japonensis parvoviridae sp.,2794512,Piccovirales,Parvoviridae,
Phylloscopus proregulus Ichthamaparvovirus,2794550,Piccovirales,Parvoviridae,Ichthamaparvovirus
Phylloscopus fuscatus Ichthamaparvovirus,2794549,Piccovirales,Parvoviridae,Ichthamaparvovirus
Emberiza pusilla parvo-like hybrid virus,2794510,Piccovirales,Parvoviridae,
Periparus ater parvoviridae sp.,2794527,Piccovirales,Parvoviridae,
Motacilla cinerea parvoviridae sp.,2794518,Piccovirales,Parvoviridae,
Periparus ater Ichthamaparvovirus,2794548,Piccovirales,Parvoviridae,Ichthamaparvovirus
Grus japonensis parvo-like hybrid virus,2794511,Piccovirales,Parvoviridae,
Turdus pallidus parvoviridae sp.,2794526,Piccovirales,Parvoviridae,
Phoenicopteridae parvoviridae sp.,2794529,Piccovirales,Parvoviridae,
Turdus naumanni Ichthamaparvovirus,2794551,Piccovirales,Parvoviridae,Ichthamaparvovirus
Emberiza rustica CRESS-DNA-virus sp.,2815032,,,
Emberiza spodocephala CRESS-DNA-virus sp.,2815033,,,
Fringilla montifringilla CRESS-DNA-virus sp.,2815044,,,
Syrmaticus ellioti CRESS-DNA-virus sp.,2815058,,,
Aegithalos caudatus CRESS-DNA-virus sp.,2815021,,,
Emberiza elegans CRESS-DNA-virus sp.,2815031,,,
Ficedula parva CRESS-DNA-virus sp.,2815036,,,
Carpodacus sibiricus Genomoviridae sp.,2814940,Geplafuvirales,Genomoviridae,
Cecropis daurica Genomoviridae sp.,2814941,Geplafuvirales,Genomoviridae,
Tarsiger cyanurus Genomoviridae sp.,2814994,Geplafuvirales,Genomoviridae,
Phoenicopterus roseus parvo-like hybrid virus,2794530,Piccovirales,Parvoviridae,
Pavo cristatus parvoviridae sp.,2794524,Piccovirales,Parvoviridae,
Ficedula parva parvoviridae sp.,2794506,Piccovirales,Parvoviridae,
Emberiza rustica parvoviridae sp.,2794478,Piccovirales,Parvoviridae,
Aegithalos caudatus parvoviridae sp.,2794464,Piccovirales,Parvoviridae,
Ara ararauna Chaphamaparvovirus,2794484,Piccovirales,Parvoviridae,Chaphamaparvovirus
Chrysolophuspictus parvoviridae sp.,2794471,Piccovirales,Parvoviridae,
Cygnus atratus Chaphamaparvovirus,2794485,Piccovirales,Parvoviridae,Chaphamaparvovirus
Nandayus nenday parvoviridae sp.,2794519,Piccovirales,Parvoviridae,
Phylloscopus parvoviridae sp.,2794563,Piccovirales,Parvoviridae,
Psittacidae parvo-like hybrid virus,2794535,Piccovirales,Parvoviridae,
Fringilla montifringilla parvoviridae sp.,2794507,Piccovirales,Parvoviridae,
Cygnus columbianus parvoviridae sp.,2794474,Piccovirales,Parvoviridae,
Emberiza pusilla Chaphamaparvovirus,2794488,Piccovirales,Parvoviridae,Chaphamaparvovirus
Dendrocopos leucotos Chaphamaparvovirus,2794487,Piccovirales,Parvoviridae,Chaphamaparvovirus
Passer montanus parvoviridae sp.,2794522,Piccovirales,Parvoviridae,
Nandayus nenday Chaphamaparvovirus,2794493,Piccovirales,Parvoviridae,Chaphamaparvovirus
Luscinia cyane Ichthamaparvovirus,2794553,Piccovirales,Parvoviridae,Ichthamaparvovirus
Luscinia cyane Chaphamaparvovirus,2794491,Piccovirales,Parvoviridae,Chaphamaparvovirus
Grus japonensis Chaphamaparvovirus,2794490,Piccovirales,Parvoviridae,Chaphamaparvovirus
Fringilla montifringilla Chaphamaparvovirus,2794489,Piccovirales,Parvoviridae,Chaphamaparvovirus
Cygnus columbianus parvo-like hybrid virus,2794509,Piccovirales,Parvoviridae,
Turdus pallidus Chaphamaparvovirus,2794492,Piccovirales,Parvoviridae,Chaphamaparvovirus
Turdus hortulorum parvoviridae sp.,2794538,Piccovirales,Parvoviridae,
Parus major parvoviridae sp.,2794521,Piccovirales,Parvoviridae,
Motacilla cinerea parvo-like hybrid virus,2794517,Piccovirales,Parvoviridae,
Psittacidae Chaphamaparvovirus,2794494,Piccovirales,Parvoviridae,Chaphamaparvovirus
Phylloscopus proregulus parvoviridae sp.,2794532,Piccovirales,Parvoviridae,
Syrmaticus ellioti parvo-like hybrid virus,2794537,Piccovirales,Parvoviridae,
Otus scops parvoviridae sp.,2794520,Piccovirales,Parvoviridae,
Garrulus glandarius parvoviridae sp.,2794508,Piccovirales,Parvoviridae,
Ara severa parvoviridae sp.,2794467,Piccovirales,Parvoviridae,
Accipiter gentilis parvoviridae sp.,2794463,Piccovirales,Parvoviridae,
Ara ararauna parvoviridae sp.,2794466,Piccovirales,Parvoviridae,
Carpodacus sibiricus parvoviridae sp.,2794469,Piccovirales,Parvoviridae,
Cygnus atratus parvoviridae sp.,2794505,Piccovirales,Parvoviridae,
Luscinia sibilans parvo-like hybrid virus,2794515,Piccovirales,Parvoviridae,
Accipiter gentilis parvo-like hybrid virus,2794564,Piccovirales,Parvoviridae,
Arundinax aedon parvoviridae sp.,2794465,Piccovirales,Parvoviridae,
Bonasa bonasia parvoviridae sp.,2794468,Piccovirales,Parvoviridae,
Ciconia boyciana parvo-like hybrid virus,2794504,Piccovirales,Parvoviridae,
Cygnus columbianus Chaphamaparvovirus,2794486,Piccovirales,Parvoviridae,Chaphamaparvovirus
Emberiza tristrami parvoviridae sp.,2794479,Piccovirales,Parvoviridae,
Ciconia boyciana Circoviridae sp.,2814997,Cirlivirales,Circoviridae,
Fringilla montifringilla Circoviridae sp.,2815000,Cirlivirales,Circoviridae,
Periparus ater Circoviridae sp.,2815004,Cirlivirales,Circoviridae,
Motacilla cinerea Circoviridae sp.,2815002,Cirlivirales,Circoviridae,
Anser anser CRESS-DNA-virus sp.,2815022,,,
Ciconia boyciana CRESS-DNA-virus sp.,2815024,,,
Cygnus atratus CRESS-DNA-virus sp.,2815026,,,
Cygnus columbianus CRESS-DNA-virus sp.,2815027,,,
Emberiza chrysophrys CRESS-DNA-virus sp.,2815029,,,
Ficedula mugimaki CRESS-DNA-virus sp.,2815035,,,
Grus japonensis CRESS-DNA-virus sp.,2815045,,,
Luscinia calliope CRESS-DNA-virus sp.,2815039,,,
Motacilla cinerea CRESS-DNA-virus sp.,2815043,,,
Nandayus nenday CRESS-DNA-virus sp.,2815047,,,
Pavo cristatus CRESS-DNA-virus sp.,2815049,,,
Periparus ater CRESS-DNA-virus sp.,2815050,,,
Phoenicopteridae CRESS-DNA-virus sp.,2815051,,,
Phoenicurus auroreus CRESS-DNA-virus sp.,2815053,,,
Phylloscopus tenellipes CRESS-DNA-virus sp.,2815055,,,
Psittacidae CRESS-DNA-virus sp.,2815057,,,
Syrmaticus reevesii CRESS-DNA-virus sp.,2815059,,,
Tarsiger cyanurus CRESS-DNA-virus sp.,2815060,,,
Tragopan caboti CRESS-DNA-virus sp.,2815061,,,
Turdus hortulorum CRESS-DNA-virus sp.,2815062,,,
Acanthis flammea CRESS-DNA-virus sp.,2815018,,,
Cecropis daurica CRESS-DNA-virus sp.,2815023,,,
Chrysolophus pictus CRESS-DNA-virus sp.,2815020,,,
Cyanopica cyanus CRESS-DNA-virus sp.,2815025,,,
Dendrocopos leucotos CRESS-DNA-virus sp.,2815028,,,
Emberiza cioides CRESS-DNA-virus sp.,2815030,,,
Emberiza tristrami CRESS-DNA-virus sp.,2815034,,,
Grus monacha CRESS-DNA-virus sp.,2815037,,,
Luscinia cyane CRESS-DNA-virus sp.,2815040,,,
Luscinia sibilans CRESS-DNA-virus sp.,2815041,,,
Muscicapa latirostris CRESS-DNA-virus sp.,2815046,,,
Otus scops CRESS-DNA-virus sp.,2815048,,,
Phoenicopterus roseus CRESS-DNA-virus sp.,2815052,,,
Phylloscopus fuscatus CRESS-DNA-virus sp.,2815054,,,
Prunella montanella CRESS-DNA-virus sp.,2815056,,,
Turdus naumanni CRESS-DNA-virus sp.,2815063,,,
Emberiza rustica Genomoviridae sp.,2814949,Geplafuvirales,Genomoviridae,
Emberiza spodocephala Genomoviridae sp.,2814950,Geplafuvirales,Genomoviridae,
Prunella montanella Genomoviridae sp.,2814991,Geplafuvirales,Genomoviridae,
Gull adenovirus,1306817,Rowavirales,Adenoviridae,
Aalivirus A,2169685,Picornavirales,Picornaviridae,Aalivirus
Mudlarkpox virus,2811215,Chitovirales,Poxviridae,
Penguinpox virus 2,2811223,Chitovirales,Poxviridae,
Duck-associated chapparvovirus,2810801,Piccovirales,Parvoviridae,Chapparvovirus
French Guiana picornavirus,2803188,Picornavirales,Picornaviridae,
French Guiana reovirus,2803189,Reovirales,,
Pacific black duck calicivirus,2798288,Picornavirales,Caliciviridae,
Pacific black duck astrovirus,2798286,Stellavirales,Astroviridae,
Chestnut teal astrovirus,2798290,Stellavirales,Astroviridae,
Chaphamaparvovirus gyb-MR3/2015/HUN,2785213,Piccovirales,Parvoviridae,Chaphamaparvovirus
Duck ssDNA virus,2781382,,,
Duck associated circular virus VC9,2781378,Geplafuvirales,Genomoviridae,
Duck genomovirus VC16,2781375,Geplafuvirales,Genomoviridae,
Duck genomovirus VC17,2781376,Geplafuvirales,Genomoviridae,
Poecivirus sp.,2759496,Picornavirales,Picornaviridae,Poecivirus
Antarctic virus 6_I_APBOOTsw001Ad,2761208,,,
Antarctic virus 6_I_APBOOTsw001Ch,2761209,,,
Antarctic virus 1_I_CPGEORsw001Ad,2761173,,,
Antarctic virus 1_I_CPGEORsw002Ad,2761174,,,
Antarctic virus 1_II_CPGEORsw003Ad,2761171,,,
Antarctic virus 1_II_CPGEORsw003Ch,2761172,,,
Antarctic virus 3_I_CPHALFsw004Ad,2761187,,,
Antarctic virus 3_II_CPHALFsw005Ad,2761185,,,
Antarctic virus 3_V_CPHALFsw003Ad,2761188,,,
Antarctic virus 2_I_GPYANKsw001Ad,2761175,,,
Antarctic virus 2_I_GPYANKsw001Ch,2761176,,,
Antarctic virus 2_I_GPYANKsw002Ad,2761177,,,
Antarctic virus 2_I_GPYANKsw003Ad,2761178,,,
Antarctic virus 2_I_GPYANKsw004Ad,2761179,,,
Antarctic virus 3_III_KPSTAsw010Ad,2761180,,,
Antarctic virus 3_III_KPSTAsw014Ch,2761181,,,
Antarctic virus 3_IV_KPSTAsw015Ch,2761186,,,
Antarctic virus 3_III_KPSTAsw016Ch,2761182,,,
Antarctic virus 3_III_KPSTAsw018Ch,2761183,,,
Antarctic virus 3_III_KPSTAsw019Ch,2761184,,,
Antarctic virus 4_I_KPSTAsw001Ad,2761196,,,
Antarctic virus 4_II_KPSTAsw004Ad,2761189,,,
Antarctic virus 4_II_KPSTAsw014Ch,2761190,,,
Antarctic virus 4_II_KPSTAsw015Ch,2761191,,,
Antarctic virus 4_II_KPSTAsw016Ch,2761192,,,
Antarctic virus 4_II_KPSTAsw017Ch,2761193,,,
Antarctic virus 4_II_KPSTAsw018Ch,2761194,,,
Antarctic virus 4_II_KPSTAsw019Ch,2761195,,,
Antarctic virus 4_I_KPSTAsw002Ad,2761197,,,
Antarctic virus 4_I_KPSTAsw008Ad,2761198,,,
Antarctic virus 4_I_KPSTAsw009Ad,2761199,,,
Antarctic virus 4_I_KPSTAsw010Ad,2761200,,,
Antarctic virus 5_I_KPSTAsw001Ad,2761201,,,
Antarctic virus 5_I_KPSTAsw002Ad,2761202,,,
Antarctic virus 5_I_KPSTAsw004Ad,2761203,,,
Antarctic virus 5_I_KPSTAsw008Ad,2761204,,,
Antarctic virus 5_I_KPSTAsw009Ad,2761205,,,
Antarctic virus 5_I_KPSTAsw018Ch,2761206,,,
Antarctic virus 5_I_KPSTAsw020Ch,2761207,,,
Pacific black duck chaphamaparvovirus 1,2759407,Piccovirales,Parvoviridae,Chaphamaparvovirus
Pacific black duck chaphamaparvovirus,2759406,Piccovirales,Parvoviridae,Chaphamaparvovirus
Chestnut teal chaphamaparvovirus 1,2759403,Piccovirales,Parvoviridae,Chaphamaparvovirus
Chestnut teal chaphamaparvovirus 2,2759404,Piccovirales,Parvoviridae,Chaphamaparvovirus
Chestnut teal chaphamaparvovirus 3,2759405,Piccovirales,Parvoviridae,Chaphamaparvovirus
Chestnut teal chaphamaparvovirus,2759402,Piccovirales,Parvoviridae,Chaphamaparvovirus
Wood duck chaphamaparvovirus,2759604,Piccovirales,Parvoviridae,Chaphamaparvovirus
Grey teal chaphamaparvovirus,2759408,Piccovirales,Parvoviridae,Chaphamaparvovirus
Chestnut teal aalivirus,2759411,Picornavirales,Picornaviridae,Aalivirus
Pacific black duck aalivirus,2759412,Picornavirales,Picornaviridae,Aalivirus
Pacific black duck anativirus-like virus,2759419,Picornavirales,Picornaviridae,Anativirus
Adenoviridae sp.,2558248,Rowavirales,Adenoviridae,
Retroviridae sp.,2681591,Ortervirales,Retroviridae,
Onychoprion fuscatus alphaherpesvirus 1,2737701,Herpesvirales,Orthoherpesviridae,
Psittacid herpesvirus 3,240876,Herpesvirales,,
Circoviridae sp.,1954248,Cirlivirales,Circoviridae,
Hepeviridae sp.,2715178,Hepelivirales,Hepeviridae,
Weivirus-like virus sp.,2715103,,,
Parvovirus NIH-CQV,1341019,Piccovirales,Parvoviridae,
Chapparvovirus sp.,2448649,Piccovirales,Parvoviridae,Chapparvovirus
Shackleton virus,2707265,,,
Amundsen virus,2707192,,,
Wendell virus,2707281,,,
Oates virus,2707247,,,
Scott virus,2707261,,,
Ross virus,2707258,,,
Shirase virus,2707267,,,
Mawson virus,2707241,,,
Wilkes virus,2707282,,,
Hilary virus,2707225,,,
Schouten virus,2707260,,,
Gerritsz virus,2707222,,,
Tyabin virus,2707276,,,
Driatsky virus,2707213,,,
Mott virus,2707244,,,
Somov virus,2707269,,,
Rymill virus,2707259,,,
Ellsworth virus,2707217,,,
Nordenskjold virus,2707245,,,
Smith virus,2707268,,,
Halley virus,2707223,,,
Vespucci virus,2707279,,,
Kagge virus,2707226,,,
Raina virus,2707255,,,
Stroud virus,2707270,,,
Petrov virus,2707251,,,
Maksutov virus,2707239,,,
Dubrovin virus,2707215,,,
Treshnikov virus,2707274,,,
Luncke virus,2707236,,,
Dralkin virus,2707212,,,
Tolstikov virus,2707273,,,
Tarbeyev virus,2707271,,,
Serdyukov virus,2707264,,,
Kornilov virus,2707229,,,
Sedov virus,2707262,,,
Fuchs virus,2707220,,,
Bruce virus,2707201,,,
Balleny virus,2707195,,,
Ptolmey virus,2707254,,,
Ui-te-Rangiora virus,2707277,,,
de Kerguelen virus,2707286,,,
Magellan virus,2707238,,,
Coelho virus,2707206,,,
Palmer virus,2707250,,,
Shelvocke virus,2707266,,,
Artemyev virus,2707193,,,
Korotkevich virus,2707230,,,
Lawrence virus,2707234,,,
Krenkel virus,2707231,,,
Averyanov virus,2707194,,,
Khabarov virus,2707228,,,
Bardin virus,2707196,,,
Ketchum virus,2707227,,,
Mella virus,2707242,,,
Cope virus,2707209,,,
Cooper virus,2707208,,,
Tunzelmann virus,2707275,,,
O'Leary virus,2707246,,,
Marr virus,2707240,,,
Halvorsen virus,2707224,,,
Charcot virus,2707204,,,
Biscoe virus,2707198,,,
le Maire virus,2707290,,,
la Roche virus,2707289,,,
d'Urville virus,2707283,,,
de Lozier virus,2707287,,,
Varley virus,2707278,,,
Telmo virus,2707272,,,
Cook virus,2707207,,,
Davis virus,2707210,,,
Bransfield virus,2707200,,,
Bellingshausen virus,2707197,,,
Senko virus,2707263,,,
Riiser virus,2707256,,,
Christensen virus,2707205,,,
Ousland virus,2707249,,,
Dryglaski virus,2707214,,,
Larsen virus,2707233,,,
Borchgrevink virus,2707199,,,
de Gerlache virus,2707285,,,
Kyst virus,2707232,,,
Byrd virus,2707203,,,
Filchner virus,2707219,,,
Dundee virus,2707216,,,
Powell virus,2707253,,,
Lazarev virus,2707235,,,
de Castilla virus,2707284,,,
de Nodal virus,2707288,,,
Drake virus,2707211,,,
Ostrekin virus,2707248,,,
Chicken virus mg4_280,2720902,,,
Chicken virus mg4_657,2720903,,,
Chicken virus mg4_1578,2720900,,,
Chicken virus mg4_2302,2720901,,,
Chicken virus mg5_2197,2720905,,,
Chicken virus mg5_2676,2720906,,,
Chicken virus mg6_2056,2720909,,,
Chicken virus mg8_273,2720912,,,
Chicken virus mg7_41u,2720910,,,
Chicken virus mg5_1345,2720904,,,
Chicken virus mg6_1197,2720908,,,
Chicken virus mg7_59,2720911,,,
Chicken virus mg8_324,2720913,,,
Chicken genomovirus mg2_75,2720938,Geplafuvirales,Genomoviridae,
Chicken genomovirus mg2_77,2720939,Geplafuvirales,Genomoviridae,
Chicken genomovirus mg4_1107,2720940,Geplafuvirales,Genomoviridae,
Chicken genomovirus mg4_1196,2720943,Geplafuvirales,Genomoviridae,
Chicken genomovirus mg4_1210,2720944,Geplafuvirales,Genomoviridae,
Chicken genomovirus mg4_1259,2720947,Geplafuvirales,Genomoviridae,
Chicken genomovirus mg7_70,2720948,Geplafuvirales,Genomoviridae,
Chicken genomovirus mg7_74,2720950,Geplafuvirales,Genomoviridae,
Chicken genomovirus mg8_416,2720953,Geplafuvirales,Genomoviridae,
Chicken genomovirus mg2_274u,2720937,Geplafuvirales,Genomoviridae,
Chicken smacovirus mg2_55,2720957,Cremevirales,Smacoviridae,
Chicken smacovirus mg5_1444,2720963,Cremevirales,Smacoviridae,
Chicken smacovirus mg6_1052,2720964,Cremevirales,Smacoviridae,
Chicken smacovirus mg7_57,2720965,Cremevirales,Smacoviridae,
Chicken smacovirus mg8_345,2720967,Cremevirales,Smacoviridae,
Sylvia atricapilla herpesvirus,2717890,Herpesvirales,,
Cyanistes caeruleus herpesvirus,2717889,Herpesvirales,,
Parvovirus AH0225,2712699,Piccovirales,Parvoviridae,
RNA virus hoopoe/BBanka01/2015/HUN,2711208,,,
Chimney swift adenovirus 1,2510842,Rowavirales,Adenoviridae,
Pygoscepivirus A,2846013,Picornavirales,Picornaviridae,Pygoscepivirus
Duck parvovirus NM4,1962258,Piccovirales,Parvoviridae,
Mason Creek virus,2651593,Bunyavirales,Peribunyaviridae,
Brazilian bird anellovirus type 1,2604331,,Anelloviridae,
Brazilian bird anellovirus type 2,2604332,,Anelloviridae,
Brazilian bird anellovirus type 3,2604333,,Anelloviridae,
Chaphamaparvovirus avian1,3059863,Piccovirales,Parvoviridae,Chaphamaparvovirus
Duck calicivirus 2,2605442,Picornavirales,Caliciviridae,
Gull coronavirus,2605444,Nidovirales,Coronaviridae,
Duck picornavirus duck/FC22/China/2017,2602416,Picornavirales,Picornaviridae,
Red-necked stint Picornavirus B-like,2592520,Picornavirales,Picornaviridae,
Sharp-tailed sandpiper Picornavirus B-like,2592521,Picornavirales,Picornaviridae,
Grey teal calicivirus,2592487,Picornavirales,Caliciviridae,
Grey teal parvovirus,2592488,Piccovirales,Parvoviridae,
Grey teal picobirnavirus X,2592489,Durnavirales,Picobirnaviridae,
Grey teal picobirnavirus y,2592491,Durnavirales,Picobirnaviridae,
Grey teal picobirnavirus Z,2592490,Durnavirales,Picobirnaviridae,
Pink-eared duck calicivirus II,2592510,Picornavirales,Caliciviridae,
Pink-eared duck calicivirus I,2592509,Picornavirales,Caliciviridae,
Pink-eared duck picobirnavirus,2592517,Durnavirales,Picobirnaviridae,
Pink-eared duck picornavirus,2592518,Picornavirales,Picornaviridae,
Pernambuco virus,2565395,,,
Pernambuco mycovirus 1,2565399,,,
Pernambuco nodavirus,2565391,Nodamuvirales,Nodaviridae,
Ruddy turnstone astrovirus,2565393,Stellavirales,Astroviridae,
Ruddy turnstone calicivirus,2565394,Picornavirales,Caliciviridae,
Passerine astrovirus 1,2576226,Stellavirales,Astroviridae,
Passerine astrovirus 2,2576227,Stellavirales,Astroviridae,
Passerine astrovirus 3,2576228,Stellavirales,Astroviridae,
Passerine astrovirus 4,2576229,Stellavirales,Astroviridae,
European roller astrovirus,2565896,Stellavirales,Astroviridae,
Puffin papillomavirus 1,2562557,Zurhausenvirales,Papillomaviridae,
Duck papillomavirus 3,2562546,Zurhausenvirales,Papillomaviridae,
Gull papillomavirus 1,2562547,Zurhausenvirales,Papillomaviridae,
Kittiwake papillomavirus 2,2562551,Zurhausenvirales,Papillomaviridae,
Gull papillomavirus 2,2562548,Zurhausenvirales,Papillomaviridae,
Gull papillomavirus 3,2562549,Zurhausenvirales,Papillomaviridae,
Kittiwake papillomavirus 1,2562550,Zurhausenvirales,Papillomaviridae,
Kittiwake papillomavirus 3,2562552,Zurhausenvirales,Papillomaviridae,
Kittiwake papillomavirus 4,2562553,Zurhausenvirales,Papillomaviridae,
Kittiwake papillomavirus 5,2562554,Zurhausenvirales,Papillomaviridae,
Kittiwake papillomavirus 6,2562555,Zurhausenvirales,Papillomaviridae,
Kittiwake papillomavirus 7,2562556,Zurhausenvirales,Papillomaviridae,
Chicken circovirus SDWF,2518641,Cirlivirales,Circoviridae,
Bubo bubo herpesvirus,2489502,Herpesvirales,,
Avocet calicivirus,2212749,Picornavirales,Caliciviridae,
Avocet picornavirus,2212755,Picornavirales,,
Avocet picornavirus B,2212790,Durnavirales,Picobirnaviridae,
Duck calicivirus,2212758,Picornavirales,Caliciviridae,
Duck rhabdovirus,2212761,Mononegavirales,Rhabdoviridae,
Ruddy turnstone calicivirus A,2212768,Picornavirales,Caliciviridae,
Ruddy turnstone calicivirus B,2212769,Picornavirales,Caliciviridae,
Shelduck calicivirus,2212776,Picornavirales,Caliciviridae,
Shelduck picobirnavirus I,2212779,Durnavirales,Picobirnaviridae,
Shelduck picobirnavirus II,2212780,Durnavirales,Picobirnaviridae,
Shelduck picobirnavirus III,2212781,Durnavirales,Picobirnaviridae,
Shelduck rhabdovirus,2212784,Mononegavirales,Rhabdoviridae,
Chicken chapparvovirus 1,2109366,Piccovirales,Parvoviridae,
Hepatitis E virus,291484,Hepelivirales,Hepeviridae,
Duck parvovirus NM100,1941434,Piccovirales,Parvoviridae,
Culex negev-like virus 3,2010275,,,
RNA virus sp.,2217650,,,
Justusliebigvirus phi92,2956041,,,Justusliebigvirus
Antarctic picorna-like virus,2184269,Picornavirales,,
Strigid herpesvirus 1,2171489,Herpesvirales,Orthoherpesviridae,
Phacovirus sp.,2108520,Picornavirales,Picornaviridae,
unclassified avian avulavirus strain musk lorikeet/Melbourne/ML22-141263/2014,2115844,Mononegavirales,Paramyxoviridae,
Cacatuid alphaherpesvirus 1,2115842,Herpesvirales,Orthoherpesviridae,
Podargid alphaherpesvirus 1,2115843,Herpesvirales,Orthoherpesviridae,
Circoviridae TaCV1,2094724,Cirlivirales,Circoviridae,
Circoviridae TaCV2,2094725,Cirlivirales,Circoviridae,
Neotropic cormorant herpesvirus,2086349,Herpesvirales,Orthoherpesviridae,
Crahelivirus A,2734526,Picornavirales,Picornaviridae,Crahelivirus
Chaphamaparvovirus gruiform1,3059865,Piccovirales,Parvoviridae,Chaphamaparvovirus
Chaphamaparvovirus gruiform2,3059866,Piccovirales,Parvoviridae,Chaphamaparvovirus
Chaphamaparvovirus gruiform3,3059867,Piccovirales,Parvoviridae,Chaphamaparvovirus
Chaphamaparvovirus gruiform4,3059868,Piccovirales,Parvoviridae,Chaphamaparvovirus
Kestrel picornavirus,1964371,Picornavirales,Picornaviridae,
Chicken picornavirus UCC13,1839669,Picornavirales,Picornaviridae,
Chicken proventriculitis virus,1566005,Picornavirales,Picornaviridae,
Jingmen toti-like virus 1,1923352,,,
Jingmen birna-like virus,1923347,,,
Jingmen picobirna-like virus 1,1923349,,,
Jingmen bunya-like virus 1,1923348,,,
Jingmen ascaridia virus 1,1923346,,,
Avihepevirus egretti,2955389,Hepelivirales,Hepeviridae,Avihepevirus
Penguin herpesvirus 1,1615847,Herpesvirales,,
Poecivirus RBNH-12,1871151,Picornavirales,Picornaviridae,
Poecivirus RBNH-929,1871152,Picornavirales,Picornaviridae,
Poecivirus NOCR-848,1871150,Picornavirales,Picornaviridae,
Poecivirus NOCR-674,1871149,Picornavirales,Picornaviridae,
Duck papillomavirus,1867231,Zurhausenvirales,Papillomaviridae,
Penguin herpesvirus 2,1770252,Herpesvirales,Orthoherpesviridae,
Chicken picornavirus,1819751,Picornavirales,Picornaviridae,
Turkey picornavirus,1819752,Picornavirales,Picornaviridae,
Goose-dominant Coronavirus,1649335,Nidovirales,Coronaviridae,
Thalassarchid herpesvirus 1,1770233,Herpesvirales,,
Anativirus B,2734519,Picornavirales,Picornaviridae,Anativirus
Phacovirus BY/PhV,1766560,Picornavirales,Picornaviridae,
Phacovirus GT/PhV,1766563,Picornavirales,Picornaviridae,
Phacovirus TR/PhV,1766566,Picornavirales,Picornaviridae,
Phacovirus NG/PhV,1766564,Picornavirales,Picornaviridae,
Phacovirus VG/PhV,1766567,Picornavirales,Picornaviridae,
Phacovirus CAB/PhV,1766561,Picornavirales,Picornaviridae,
Phacovirus DM/PhV,1766562,Picornavirales,Picornaviridae,
Astrovirus black-naped monarch/Cambodia/2010,1752874,Stellavirales,Astroviridae,
Akhtuba virus,1539747,Bunyavirales,Peribunyaviridae,
Astrovirus HK-2014,1566335,Stellavirales,Astroviridae,
Chicken picornavirus HK-2014,1566337,Picornavirales,Picornaviridae,
Astrovirus Er/BMTK529/HUN/2011,1671381,Stellavirales,Astroviridae,
Sulid herpesvirus 1,1638619,Herpesvirales,Orthoherpesviridae,
Astrovirus Pygoscelis/DT/2012,1586002,Stellavirales,Astroviridae,
Gallid herpesvirus,39566,Herpesvirales,,
shorebird astrovirus,1344564,Stellavirales,Astroviridae,
shorebird coronavirus,1344565,Nidovirales,Coronaviridae,
Eurasian oystercatcher coronavirus,1446361,Nidovirales,Coronaviridae,
BeAn 157575 virus,1272938,Mononegavirales,Rhabdoviridae,
Kannamangalam virus,1272944,Mononegavirales,Rhabdoviridae,
Navarro virus,1272950,Mononegavirales,Rhabdoviridae,
Guinea fowl circovirus,1267906,Cirlivirales,Circoviridae,
Cygnet River virus,1151044,Articulavirales,Orthomyxoviridae,
Small anellovirus,393049,,Anelloviridae,
Astrovirus CDB-2012,1166568,Stellavirales,Astroviridae,
Avian paramyxovirus penguin/Espirito Santo-Brazil/2008,1049185,Mononegavirales,Paramyxoviridae,
Picornavirus chicken/CHK1/USA/2010,990662,Picornavirales,Picornaviridae,
Picornavirus chicken/CHK165/USA/2010,990664,Picornavirales,Picornaviridae,
Picornavirus chicken/CHK168/USA/2010,990665,Picornavirales,Picornaviridae,
Picornavirus chicken/CHK175/USA/2010,990666,Picornavirales,Picornaviridae,
Picornavirus turkey/TRK24/USA/2010,990668,Picornavirales,Picornaviridae,
Picornavirus turkey/TRK90/USA/2010,990669,Picornavirales,Picornaviridae,
Picornavirus turkey/TRK91/USA/2010,990670,Picornavirales,Picornaviridae,
Picornavirus chicken/CHK148/USA/2010,990663,Picornavirales,Picornaviridae,
Picornavirus turkey/TRK22/USA/2010,990667,Picornavirales,Picornaviridae,
Pigeon picornavirus A,928290,Picornavirales,Picornaviridae,
Parvovirus partridge/PA147/ITA/2008,995017,Piccovirales,Parvoviridae,
Fregata magnificens herpesvirus,576892,Herpesvirales,Orthoherpesviridae,
Birnavirus sp.,41996,,Birnaviridae,
Calicivirus chicken/V0013/Bayern/2004,1001627,Picornavirales,Caliciviridae,
Calicivirus chicken/V0027/Bayern/2004,1001628,Picornavirales,Caliciviridae,
Herpesvirus goose/GAV08/Poland/2008,936150,Herpesvirales,,
Common buzzard alphaherpesvirus,690691,Herpesvirales,Orthoherpesviridae,
Duck hepatitis virus AP,464094,Picornavirales,Picornaviridae,
Coronavirus Anas/p71/2005/GBR,643397,Nidovirales,Coronaviridae,
Coronavirus red knot/p60/2006/GBR,643398,Nidovirales,Coronaviridae,
Coronavirus oystercatcher/p17/2006/GBR,643399,Nidovirales,Coronaviridae,
Coronavirus Anas/p42/2005/GBR,643400,Nidovirales,Coronaviridae,
Quail coronavirus Italy/Elvia/2005,431320,Nidovirales,Coronaviridae,
Chicken enteric coronavirus,229103,Nidovirales,Coronaviridae,
Parrot coronavirus AV71/99,352849,Nidovirales,Coronaviridae,
Vulture herpesvirus,285986,Herpesvirales,Orthoherpesviridae,
Reovirus sp.,10891,Reovirales,,
IC4 retrovirus,36381,Ortervirales,Retroviridae,
JDV virus,12521,,,
